round,best_para,time,best_fitness
0,"[32.734359448968924, 47.01854362423079, 6.237759617181999, 237.8412818521856, 1.4083232911047883, 11.244994259662379, 0.0013992453914196325, 0.8419831774474066, 2.936413378716791]",12.966071668333335,0.046878471970558167
