round,best_para,time,best_fitness
0,"[355.43762359810734, 43.32520864118169, 2.259863954179546, 85.52802989078523, 3.3003425610943236, 4.955473083854287, 0.011682563059482088, 0.6806904311433715, 6.984656028144507]",15.604714383333333,0.04761186242103577
