round,best_para,time,best_fitness
0,"[32.734359448968924, 43.5074783509115, 1.0451259221361893, 237.8412818521856, 8.956896140745187, 11.244994259662379, 0.0014088012373066144, 0.8419831774474066, 7.331843360267916]",16.964355403611112,0.04577435180544853
